what,kind,bundleId,bundleVersion,description,time
executed,command,,,"AUTOGEN:::org.eclipse.jdt.debug.CompilationUnitEditor.BreakpointRulerActions/org.eclipse.jdt.debug.ui.actions.ManageBreakpointRulerAction",1362719908052
activated,view,com.android.ide.eclipse.ddms,18.0.0.v201203301601-306762,"com.android.ide.eclipse.ddms.views.LogCatView",1362719910819
activated,editor,org.eclipse.jdt.ui,3.7.2.v20120109-1427,"org.eclipse.jdt.ui.CompilationUnitEditor",1362719952175
deactivated,workbench,org.eclipse.ui.workbench,3.7.1.v20120104-1859,"",1362719961679
activated,workbench,org.eclipse.ui.workbench,3.7.1.v20120104-1859,"",1362720010798
executed,command,org.eclipse.ui,3.7.0.v20110928-1505,"org.eclipse.ui.edit.paste",1362720012784
deactivated,workbench,org.eclipse.ui.workbench,3.7.1.v20120104-1859,"",1362720057386
activated,workbench,org.eclipse.ui.workbench,3.7.1.v20120104-1859,"",1362720057515
deactivated,workbench,org.eclipse.ui.workbench,3.7.1.v20120104-1859,"",1362720060640
activated,workbench,org.eclipse.ui.workbench,3.7.1.v20120104-1859,"",1362720060753
deactivated,workbench,org.eclipse.ui.workbench,3.7.1.v20120104-1859,"",1362720062702
activated,workbench,org.eclipse.ui.workbench,3.7.1.v20120104-1859,"",1362720062807
deactivated,workbench,org.eclipse.ui.workbench,3.7.1.v20120104-1859,"",1362720067555
activated,workbench,org.eclipse.ui.workbench,3.7.1.v20120104-1859,"",1362720067657
deactivated,workbench,org.eclipse.ui.workbench,3.7.1.v20120104-1859,"",1362720075799
activated,workbench,org.eclipse.ui.workbench,3.7.1.v20120104-1859,"",1362720077501
deactivated,workbench,org.eclipse.ui.workbench,3.7.1.v20120104-1859,"",1362720078492
activated,view,com.android.ide.eclipse.ddms,18.0.0.v201203301601-306762,"com.android.ide.eclipse.ddms.views.LogCatView",1362720084013
activated,workbench,org.eclipse.ui.workbench,3.7.1.v20120104-1859,"",1362720084021
activated,editor,org.eclipse.jdt.ui,3.7.2.v20120109-1427,"org.eclipse.jdt.ui.CompilationUnitEditor",1362720084051
activated,view,com.android.ide.eclipse.ddms,18.0.0.v201203301601-306762,"com.android.ide.eclipse.ddms.views.LogCatView",1362720084071
deactivated,workbench,org.eclipse.ui.workbench,3.7.1.v20120104-1859,"",1362720087278
activated,workbench,org.eclipse.ui.workbench,3.7.1.v20120104-1859,"",1362720101246
deactivated,workbench,org.eclipse.ui.workbench,3.7.1.v20120104-1859,"",1362720104931
activated,workbench,org.eclipse.ui.workbench,3.7.1.v20120104-1859,"",1362720107259
activated,editor,org.eclipse.jdt.ui,3.7.2.v20120109-1427,"org.eclipse.jdt.ui.CompilationUnitEditor",1362720111153
executed,command,,,"AUTOGEN:::org.eclipse.jdt.debug.CompilationUnitEditor.BreakpointRulerActions/org.eclipse.jdt.debug.ui.actions.ManageBreakpointRulerAction",1362720111256
executed,command,,,"AUTOGEN:::org.eclipse.jdt.debug.CompilationUnitEditor.BreakpointRulerActions/org.eclipse.jdt.debug.ui.actions.ManageBreakpointRulerAction",1362720112846
deactivated,workbench,org.eclipse.ui.workbench,3.7.1.v20120104-1859,"",1362720116819
activated,workbench,org.eclipse.ui.workbench,3.7.1.v20120104-1859,"",1362720127400
deactivated,workbench,org.eclipse.ui.workbench,3.7.1.v20120104-1859,"",1362720127418
activated,workbench,org.eclipse.ui.workbench,3.7.1.v20120104-1859,"",1362720130630
error,log,,,"Referenced part does not exist yet: org.eclipse.ui.views.ProblemView.",1362720130651
opened,view,org.eclipse.ui.console,3.5.100.v20111007_r372,"org.eclipse.ui.console.ConsoleView",1362720130832
opened,view,org.eclipse.debug.ui,3.7.102.v20111129-1423_r372,"org.eclipse.debug.ui.DebugView",1362720131167
opened,view,org.eclipse.debug.ui,3.7.102.v20111129-1423_r372,"org.eclipse.debug.ui.VariableView",1362720131284
activated,perspective,org.eclipse.debug.ui,3.7.102.v20111129-1423_r372,"org.eclipse.debug.ui.DebugPerspective",1362720131386
opened,view,org.eclipse.debug.ui,3.7.102.v20111129-1423_r372,"org.eclipse.debug.ui.BreakpointView",1362720132358
executed,command,org.eclipse.jdt.debug.ui,3.6.1.v20111006_r372,"org.eclipse.jdt.debug.ui.commands.Inspect",1362720142461
deactivated,workbench,org.eclipse.ui.workbench,3.7.1.v20120104-1859,"",1362720142528
activated,workbench,org.eclipse.ui.workbench,3.7.1.v20120104-1859,"",1362720154450
activated,view,org.eclipse.debug.ui,3.7.102.v20111129-1423_r372,"org.eclipse.debug.ui.DebugView",1362720171775
executed,command,org.eclipse.debug.ui,3.7.102.v20111129-1423_r372,"org.eclipse.debug.ui.commands.StepInto",1362720171848
opened,editor,org.eclipse.jdt.ui,3.7.2.v20120109-1427,"org.eclipse.jdt.ui.ClassFileEditor",1362720172363
activated,editor,org.eclipse.jdt.ui,3.7.2.v20120109-1427,"org.eclipse.jdt.ui.ClassFileEditor",1362720174994
deactivated,workbench,org.eclipse.ui.workbench,3.7.1.v20120104-1859,"",1362720175083
activated,workbench,org.eclipse.ui.workbench,3.7.1.v20120104-1859,"",1362720176896
activated,view,org.eclipse.debug.ui,3.7.102.v20111129-1423_r372,"org.eclipse.debug.ui.DebugView",1362720179563
executed,command,org.eclipse.debug.ui,3.7.102.v20111129-1423_r372,"org.eclipse.debug.ui.commands.StepOver",1362720179628
executed,command,org.eclipse.debug.ui,3.7.102.v20111129-1423_r372,"org.eclipse.debug.ui.commands.StepOver",1362720186195
deactivated,workbench,org.eclipse.ui.workbench,3.7.1.v20120104-1859,"",1362720215035
activated,workbench,org.eclipse.ui.workbench,3.7.1.v20120104-1859,"",1362723156425
deactivated,workbench,org.eclipse.ui.workbench,3.7.1.v20120104-1859,"",1362723158222
activated,workbench,org.eclipse.ui.workbench,3.7.1.v20120104-1859,"",1362723158583
deactivated,workbench,org.eclipse.ui.workbench,3.7.1.v20120104-1859,"",1362723159771
activated,workbench,org.eclipse.ui.workbench,3.7.1.v20120104-1859,"",1362723197500
deactivated,workbench,org.eclipse.ui.workbench,3.7.1.v20120104-1859,"",1362723201609
activated,workbench,org.eclipse.ui.workbench,3.7.1.v20120104-1859,"",1362724844895
deactivated,workbench,org.eclipse.ui.workbench,3.7.1.v20120104-1859,"",1362724846339
activated,workbench,org.eclipse.ui.workbench,3.7.1.v20120104-1859,"",1362724852308
deactivated,workbench,org.eclipse.ui.workbench,3.7.1.v20120104-1859,"",1362724854382
activated,workbench,org.eclipse.ui.workbench,3.7.1.v20120104-1859,"",1362725665362
activated,editor,org.eclipse.jdt.ui,3.7.2.v20120109-1427,"org.eclipse.jdt.ui.CompilationUnitEditor",1362725668125
executed,command,org.eclipse.ui,3.7.0.v20110928-1505,"org.eclipse.ui.edit.paste",1362725673779
executed,command,org.eclipse.ui,3.7.0.v20110928-1505,"org.eclipse.ui.file.save",1362725676849
deactivated,workbench,org.eclipse.ui.workbench,3.7.1.v20120104-1859,"",1362725677280
activated,workbench,org.eclipse.ui.workbench,3.7.1.v20120104-1859,"",1362725678884
activated,view,org.eclipse.debug.ui,3.7.102.v20111129-1423_r372,"org.eclipse.debug.ui.DebugView",1362725681271
executed,command,org.eclipse.debug.ui,3.7.102.v20111129-1423_r372,"org.eclipse.debug.ui.commands.Resume",1362725681350
deactivated,workbench,org.eclipse.ui.workbench,3.7.1.v20120104-1859,"",1362725686083
activated,workbench,org.eclipse.ui.workbench,3.7.1.v20120104-1859,"",1362725707688
activated,editor,org.eclipse.jdt.ui,3.7.2.v20120109-1427,"org.eclipse.jdt.ui.CompilationUnitEditor",1362725707729
deactivated,workbench,org.eclipse.ui.workbench,3.7.1.v20120104-1859,"",1362725712536
activated,workbench,org.eclipse.ui.workbench,3.7.1.v20120104-1859,"",1362725715124
deactivated,workbench,org.eclipse.ui.workbench,3.7.1.v20120104-1859,"",1362725715131
activated,workbench,org.eclipse.ui.workbench,3.7.1.v20120104-1859,"",1362725718877
executed,command,org.eclipse.ui,3.7.0.v20110928-1505,"org.eclipse.ui.file.save",1362725727155
deactivated,workbench,org.eclipse.ui.workbench,3.7.1.v20120104-1859,"",1362725730447
activated,workbench,org.eclipse.ui.workbench,3.7.1.v20120104-1859,"",1362725749472
executed,command,org.eclipse.ui,3.7.0.v20110928-1505,"org.eclipse.ui.edit.copy",1362725752620
deactivated,workbench,org.eclipse.ui.workbench,3.7.1.v20120104-1859,"",1362725754166
activated,workbench,org.eclipse.ui.workbench,3.7.1.v20120104-1859,"",1362725818869
deactivated,workbench,org.eclipse.ui.workbench,3.7.1.v20120104-1859,"",1362725822808
activated,workbench,org.eclipse.ui.workbench,3.7.1.v20120104-1859,"",1362725823512
deactivated,workbench,org.eclipse.ui.workbench,3.7.1.v20120104-1859,"",1362725823860
activated,workbench,org.eclipse.ui.workbench,3.7.1.v20120104-1859,"",1362725830760
activated,view,org.eclipse.debug.ui,3.7.102.v20111129-1423_r372,"org.eclipse.debug.ui.DebugView",1362725832788
executed,command,org.eclipse.debug.ui,3.7.102.v20111129-1423_r372,"org.eclipse.debug.ui.commands.StepOver",1362725832842
executed,command,org.eclipse.debug.ui,3.7.102.v20111129-1423_r372,"org.eclipse.debug.ui.commands.StepOver",1362725837021
activated,editor,org.eclipse.jdt.ui,3.7.2.v20120109-1427,"org.eclipse.jdt.ui.CompilationUnitEditor",1362725852241
activated,editor,org.eclipse.jdt.ui,3.7.2.v20120109-1427,"org.eclipse.jdt.ui.CompilationUnitEditor",1362725855117
executed,command,org.eclipse.jdt.ui,3.7.2.v20120109-1427,"org.eclipse.jdt.ui.edit.text.java.open.editor",1362725855151
executed,command,,,"AUTOGEN:::org.eclipse.jdt.debug.CompilationUnitEditor.BreakpointRulerActions/org.eclipse.jdt.debug.ui.actions.ManageBreakpointRulerAction",1362725865348
activated,view,org.eclipse.debug.ui,3.7.102.v20111129-1423_r372,"org.eclipse.debug.ui.DebugView",1362725867395
executed,command,org.eclipse.debug.ui,3.7.102.v20111129-1423_r372,"org.eclipse.debug.ui.commands.Resume",1362725867459
executed,command,org.eclipse.debug.ui,3.7.102.v20111129-1423_r372,"org.eclipse.debug.ui.commands.StepOver",1362725886075
executed,command,org.eclipse.debug.ui,3.7.102.v20111129-1423_r372,"org.eclipse.debug.ui.commands.StepOver",1362725890138
executed,command,org.eclipse.debug.ui,3.7.102.v20111129-1423_r372,"org.eclipse.debug.ui.commands.StepOver",1362725896075
activated,editor,org.eclipse.jdt.ui,3.7.2.v20120109-1427,"org.eclipse.jdt.ui.CompilationUnitEditor",1362725898617
activated,editor,org.eclipse.jdt.ui,3.7.2.v20120109-1427,"org.eclipse.jdt.ui.CompilationUnitEditor",1362725901594
executed,command,org.eclipse.jdt.ui,3.7.2.v20120109-1427,"org.eclipse.jdt.ui.edit.text.java.open.editor",1362725901604
deactivated,workbench,org.eclipse.ui.workbench,3.7.1.v20120104-1859,"",1362725911859
activated,workbench,org.eclipse.ui.workbench,3.7.1.v20120104-1859,"",1362725914023
activated,editor,org.eclipse.jdt.ui,3.7.2.v20120109-1427,"org.eclipse.jdt.ui.CompilationUnitEditor",1362725920651
deactivated,workbench,org.eclipse.ui.workbench,3.7.1.v20120104-1859,"",1362725925679
executed,command,org.eclipse.ui,3.7.0.v20110928-1505,"org.eclipse.ui.edit.copy",1362725928331
activated,workbench,org.eclipse.ui.workbench,3.7.1.v20120104-1859,"",1362725959505
activated,perspective,org.eclipse.jdt.ui,3.7.2.v20120109-1427,"org.eclipse.jdt.ui.JavaPerspective",1362725961765
activated,view,org.eclipse.jdt.ui,3.7.2.v20120109-1427,"org.eclipse.jdt.ui.PackageExplorer",1362725965094
opened,editor,com.android.ide.eclipse.adt,18.0.0.v201203301601-306762,"com.android.ide.eclipse.editors.manifest.ManifestEditor",1362725966243
activated,editor,com.android.ide.eclipse.adt,18.0.0.v201203301601-306762,"com.android.ide.eclipse.editors.manifest.ManifestEditor",1362725966368
deactivated,workbench,org.eclipse.ui.workbench,3.7.1.v20120104-1859,"",1362725982022
activated,workbench,org.eclipse.ui.workbench,3.7.1.v20120104-1859,"",1362725991299
started,bundle,org.eclipse.m2e.editor.xml,1.0.200.20111228-1245,"org.eclipse.m2e.editor.xml",1362725991392
executed,command,org.eclipse.ui,3.7.0.v20110928-1505,"org.eclipse.ui.edit.paste",1362725993628
executed,command,org.eclipse.ui,3.7.0.v20110928-1505,"org.eclipse.ui.file.saveAll",1362725997459
deactivated,workbench,org.eclipse.ui.workbench,3.7.1.v20120104-1859,"",1362726002718
activated,workbench,org.eclipse.ui.workbench,3.7.1.v20120104-1859,"",1362726017155
deactivated,workbench,org.eclipse.ui.workbench,3.7.1.v20120104-1859,"",1362726018542
activated,editor,org.eclipse.jdt.ui,3.7.2.v20120109-1427,"org.eclipse.jdt.ui.CompilationUnitEditor",1362726018728
activated,workbench,org.eclipse.ui.workbench,3.7.1.v20120104-1859,"",1362726020580
activated,perspective,org.eclipse.debug.ui,3.7.102.v20111129-1423_r372,"org.eclipse.debug.ui.DebugPerspective",1362726020740
activated,view,org.eclipse.debug.ui,3.7.102.v20111129-1423_r372,"org.eclipse.debug.ui.DebugView",1362726022623
executed,command,org.eclipse.debug.ui,3.7.102.v20111129-1423_r372,"org.eclipse.debug.ui.commands.StepOver",1362726022705
activated,editor,org.eclipse.jdt.ui,3.7.2.v20120109-1427,"org.eclipse.jdt.ui.CompilationUnitEditor",1362726026615
executed,command,,,"AUTOGEN:::org.eclipse.jdt.debug.CompilationUnitEditor.BreakpointRulerActions/org.eclipse.jdt.debug.ui.actions.ManageBreakpointRulerAction",1362726026892
activated,view,org.eclipse.debug.ui,3.7.102.v20111129-1423_r372,"org.eclipse.debug.ui.DebugView",1362726028107
executed,command,org.eclipse.debug.ui,3.7.102.v20111129-1423_r372,"org.eclipse.debug.ui.commands.Resume",1362726028171
deactivated,workbench,org.eclipse.ui.workbench,3.7.1.v20120104-1859,"",1362726031686
opened,editor,org.eclipse.debug.ui,3.7.102.v20111129-1423_r372,"org.eclipse.debug.ui.sourcelookup.CommonSourceNotFoundEditor",1362726031830
closed,editor,org.eclipse.jdt.ui,3.7.2.v20120109-1427,"org.eclipse.jdt.ui.ClassFileEditor",1362726031908
activated,workbench,org.eclipse.ui.workbench,3.7.1.v20120104-1859,"",1362726035330
executed,command,org.eclipse.debug.ui,3.7.102.v20111129-1423_r372,"org.eclipse.debug.ui.commands.Resume",1362726035395
deactivated,workbench,org.eclipse.ui.workbench,3.7.1.v20120104-1859,"",1362726038589
closed,editor,org.eclipse.debug.ui,3.7.102.v20111129-1423_r372,"org.eclipse.debug.ui.sourcelookup.CommonSourceNotFoundEditor",1362726041427
activated,workbench,org.eclipse.ui.workbench,3.7.1.v20120104-1859,"",1362726043475
activated,editor,org.eclipse.jdt.ui,3.7.2.v20120109-1427,"org.eclipse.jdt.ui.CompilationUnitEditor",1362726043513
activated,view,com.android.ide.eclipse.ddms,18.0.0.v201203301601-306762,"com.android.ide.eclipse.ddms.views.LogCatView",1362726047249
activated,editor,org.eclipse.jdt.ui,3.7.2.v20120109-1427,"org.eclipse.jdt.ui.CompilationUnitEditor",1362726082079
deactivated,workbench,org.eclipse.ui.workbench,3.7.1.v20120104-1859,"",1362726099943
activated,workbench,org.eclipse.ui.workbench,3.7.1.v20120104-1859,"",1362726102215
deactivated,workbench,org.eclipse.ui.workbench,3.7.1.v20120104-1859,"",1362726166148
activated,workbench,org.eclipse.ui.workbench,3.7.1.v20120104-1859,"",1362726207238
executed,command,org.eclipse.ui,3.7.0.v20110928-1505,"org.eclipse.ui.edit.paste",1362726211945
deactivated,workbench,org.eclipse.ui.workbench,3.7.1.v20120104-1859,"",1362726223796
activated,workbench,org.eclipse.ui.workbench,3.7.1.v20120104-1859,"",1362726224715
deactivated,workbench,org.eclipse.ui.workbench,3.7.1.v20120104-1859,"",1362726228956
activated,workbench,org.eclipse.ui.workbench,3.7.1.v20120104-1859,"",1362726242077
activated,view,com.android.ide.eclipse.ddms,18.0.0.v201203301601-306762,"com.android.ide.eclipse.ddms.views.LogCatView",1362726246065
activated,editor,org.eclipse.jdt.ui,3.7.2.v20120109-1427,"org.eclipse.jdt.ui.CompilationUnitEditor",1362726268931
executed,command,org.eclipse.ui,3.7.0.v20110928-1505,"org.eclipse.ui.edit.undo",1362726286781
executed,command,org.eclipse.ui,3.7.0.v20110928-1505,"org.eclipse.ui.edit.undo",1362726287275
executed,command,org.eclipse.ui,3.7.0.v20110928-1505,"org.eclipse.ui.edit.copy",1362726303168
executed,command,org.eclipse.ui,3.7.0.v20110928-1505,"org.eclipse.ui.edit.paste",1362726306460
executed,command,org.eclipse.ui,3.7.0.v20110928-1505,"org.eclipse.ui.edit.undo",1362726389219
executed,command,org.eclipse.ui,3.7.0.v20110928-1505,"org.eclipse.ui.edit.undo",1362726389436
executed,command,org.eclipse.ui,3.7.0.v20110928-1505,"org.eclipse.ui.edit.undo",1362726390275
executed,command,org.eclipse.ui,3.7.0.v20110928-1505,"org.eclipse.ui.edit.undo",1362726390721
executed,command,org.eclipse.ui,3.7.0.v20110928-1505,"org.eclipse.ui.edit.undo",1362726391612
executed,command,org.eclipse.ui,3.7.0.v20110928-1505,"org.eclipse.ui.edit.undo",1362726392810
executed,command,org.eclipse.ui,3.7.0.v20110928-1505,"org.eclipse.ui.edit.undo",1362726395196
executed,command,org.eclipse.ui,3.7.0.v20110928-1505,"org.eclipse.ui.edit.undo",1362726395772
executed,command,org.eclipse.ui,3.7.0.v20110928-1505,"org.eclipse.ui.edit.undo",1362726396262
executed,command,org.eclipse.ui,3.7.0.v20110928-1505,"org.eclipse.ui.edit.undo",1362726396882
deactivated,workbench,org.eclipse.ui.workbench,3.7.1.v20120104-1859,"",1362726408676
activated,workbench,org.eclipse.ui.workbench,3.7.1.v20120104-1859,"",1362726436709
deactivated,workbench,org.eclipse.ui.workbench,3.7.1.v20120104-1859,"",1362726442099
activated,workbench,org.eclipse.ui.workbench,3.7.1.v20120104-1859,"",1362726444192
deactivated,workbench,org.eclipse.ui.workbench,3.7.1.v20120104-1859,"",1362726446561
activated,workbench,org.eclipse.ui.workbench,3.7.1.v20120104-1859,"",1362726461900
activated,view,org.eclipse.debug.ui,3.7.102.v20111129-1423_r372,"org.eclipse.debug.ui.DebugView",1362726465522
executed,command,org.eclipse.debug.ui,3.7.102.v20111129-1423_r372,"org.eclipse.debug.ui.commands.StepInto",1362726465610
opened,editor,org.eclipse.jdt.ui,3.7.2.v20120109-1427,"org.eclipse.jdt.ui.ClassFileEditor",1362726465869
activated,editor,com.android.ide.eclipse.adt,18.0.0.v201203301601-306762,"com.android.ide.eclipse.editors.manifest.ManifestEditor",1362726469242
activated,editor,org.eclipse.jdt.ui,3.7.2.v20120109-1427,"org.eclipse.jdt.ui.CompilationUnitEditor",1362726470714
executed,command,,,"AUTOGEN:::org.eclipse.jdt.debug.CompilationUnitEditor.BreakpointRulerActions/org.eclipse.jdt.debug.ui.actions.ManageBreakpointRulerAction",1362726474748
activated,view,org.eclipse.debug.ui,3.7.102.v20111129-1423_r372,"org.eclipse.debug.ui.DebugView",1362726476641
executed,command,org.eclipse.debug.ui,3.7.102.v20111129-1423_r372,"org.eclipse.debug.ui.commands.Resume",1362726476749
opened,editor,org.eclipse.debug.ui,3.7.102.v20111129-1423_r372,"org.eclipse.debug.ui.sourcelookup.CommonSourceNotFoundEditor",1362726478263
closed,editor,org.eclipse.jdt.ui,3.7.2.v20120109-1427,"org.eclipse.jdt.ui.ClassFileEditor",1362726478320
executed,command,org.eclipse.debug.ui,3.7.102.v20111129-1423_r372,"org.eclipse.debug.ui.commands.Resume",1362726480120
executed,command,org.eclipse.debug.ui,3.7.102.v20111129-1423_r372,"org.eclipse.debug.ui.commands.Resume",1362726481621
deactivated,workbench,org.eclipse.ui.workbench,3.7.1.v20120104-1859,"",1362726484927
closed,editor,org.eclipse.debug.ui,3.7.102.v20111129-1423_r372,"org.eclipse.debug.ui.sourcelookup.CommonSourceNotFoundEditor",1362726486950
activated,workbench,org.eclipse.ui.workbench,3.7.1.v20120104-1859,"",1362726488763
activated,editor,org.eclipse.jdt.ui,3.7.2.v20120109-1427,"org.eclipse.jdt.ui.CompilationUnitEditor",1362726488797
activated,editor,org.eclipse.jdt.ui,3.7.2.v20120109-1427,"org.eclipse.jdt.ui.CompilationUnitEditor",1362726492127
executed,command,,,"AUTOGEN:::org.eclipse.jdt.debug.CompilationUnitEditor.BreakpointRulerActions/org.eclipse.jdt.debug.ui.actions.ManageBreakpointRulerAction",1362726494633
deactivated,workbench,org.eclipse.ui.workbench,3.7.1.v20120104-1859,"",1362726527425
activated,workbench,org.eclipse.ui.workbench,3.7.1.v20120104-1859,"",1362726755047
activated,editor,org.eclipse.jdt.ui,3.7.2.v20120109-1427,"org.eclipse.jdt.ui.CompilationUnitEditor",1362726760188
opened,editor,org.eclipse.debug.ui,3.7.102.v20111129-1423_r372,"org.eclipse.debug.ui.sourcelookup.CommonSourceNotFoundEditor",1362726777515
activated,editor,org.eclipse.debug.ui,3.7.102.v20111129-1423_r372,"org.eclipse.debug.ui.sourcelookup.CommonSourceNotFoundEditor",1362726777560
activated,view,org.eclipse.debug.ui,3.7.102.v20111129-1423_r372,"org.eclipse.debug.ui.DebugView",1362726791994
executed,command,org.eclipse.debug.ui,3.7.102.v20111129-1423_r372,"org.eclipse.debug.ui.commands.StepReturn",1362726792115
opened,editor,org.eclipse.jdt.ui,3.7.2.v20120109-1427,"org.eclipse.jdt.ui.ClassFileEditor",1362726792438
closed,editor,org.eclipse.debug.ui,3.7.102.v20111129-1423_r372,"org.eclipse.debug.ui.sourcelookup.CommonSourceNotFoundEditor",1362726792576
executed,command,org.eclipse.debug.ui,3.7.102.v20111129-1423_r372,"org.eclipse.debug.ui.commands.StepReturn",1362726794597
opened,editor,org.eclipse.debug.ui,3.7.102.v20111129-1423_r372,"org.eclipse.debug.ui.sourcelookup.CommonSourceNotFoundEditor",1362726794900
closed,editor,org.eclipse.jdt.ui,3.7.2.v20120109-1427,"org.eclipse.jdt.ui.ClassFileEditor",1362726794959
executed,command,org.eclipse.debug.ui,3.7.102.v20111129-1423_r372,"org.eclipse.debug.ui.commands.StepOver",1362726797129
executed,command,org.eclipse.debug.ui,3.7.102.v20111129-1423_r372,"org.eclipse.debug.ui.commands.Resume",1362726799460
executed,command,org.eclipse.debug.ui,3.7.102.v20111129-1423_r372,"org.eclipse.debug.ui.commands.Resume",1362726801251
activated,editor,org.eclipse.jdt.ui,3.7.2.v20120109-1427,"org.eclipse.jdt.ui.CompilationUnitEditor",1362726804780
executed,command,,,"AUTOGEN:::org.eclipse.jdt.debug.CompilationUnitEditor.BreakpointRulerActions/org.eclipse.jdt.debug.ui.actions.ManageBreakpointRulerAction",1362726816858
activated,editor,org.eclipse.jdt.ui,3.7.2.v20120109-1427,"org.eclipse.jdt.ui.CompilationUnitEditor",1362726820063
executed,command,,,"AUTOGEN:::org.eclipse.jdt.debug.CompilationUnitEditor.BreakpointRulerActions/org.eclipse.jdt.debug.ui.actions.ManageBreakpointRulerAction",1362726844526
executed,command,,,"AUTOGEN:::org.eclipse.jdt.internal.ui.CompilationUnitEditor.ruler.actions/org.eclipse.jdt.internal.ui.javaeditor.JavaSelectRulerAction",1362726845132
executed,command,,,"AUTOGEN:::org.eclipse.jdt.internal.ui.CompilationUnitEditor.ruler.actions/org.eclipse.jdt.internal.ui.javaeditor.JavaSelectRulerAction",1362726845170
executed,command,,,"AUTOGEN:::org.eclipse.jdt.debug.CompilationUnitEditor.BreakpointRulerActions/org.eclipse.jdt.debug.ui.actions.ManageBreakpointRulerAction",1362726845887
deactivated,workbench,org.eclipse.ui.workbench,3.7.1.v20120104-1859,"",1362726849614
activated,workbench,org.eclipse.ui.workbench,3.7.1.v20120104-1859,"",1362726851031
deactivated,workbench,org.eclipse.ui.workbench,3.7.1.v20120104-1859,"",1362726851303
activated,workbench,org.eclipse.ui.workbench,3.7.1.v20120104-1859,"",1362726853247
closed,editor,org.eclipse.debug.ui,3.7.102.v20111129-1423_r372,"org.eclipse.debug.ui.sourcelookup.CommonSourceNotFoundEditor",1362726855109
deactivated,workbench,org.eclipse.ui.workbench,3.7.1.v20120104-1859,"",1362726856085
activated,workbench,org.eclipse.ui.workbench,3.7.1.v20120104-1859,"",1362726868452
activated,view,org.eclipse.debug.ui,3.7.102.v20111129-1423_r372,"org.eclipse.debug.ui.DebugView",1362726872746
executed,command,org.eclipse.debug.ui,3.7.102.v20111129-1423_r372,"org.eclipse.debug.ui.commands.StepOver",1362726872845
opened,editor,org.eclipse.debug.ui,3.7.102.v20111129-1423_r372,"org.eclipse.debug.ui.sourcelookup.CommonSourceNotFoundEditor",1362726873648
executed,command,org.eclipse.debug.ui,3.7.102.v20111129-1423_r372,"org.eclipse.debug.ui.commands.StepReturn",1362726877305
activated,editor,com.android.ide.eclipse.adt,18.0.0.v201203301601-306762,"com.android.ide.eclipse.editors.manifest.ManifestEditor",1362726879599
activated,editor,org.eclipse.jdt.ui,3.7.2.v20120109-1427,"org.eclipse.jdt.ui.CompilationUnitEditor",1362726880704
activated,editor,org.eclipse.jdt.ui,3.7.2.v20120109-1427,"org.eclipse.jdt.ui.CompilationUnitEditor",1362726882085
deactivated,workbench,org.eclipse.ui.workbench,3.7.1.v20120104-1859,"",1362726893576
activated,workbench,org.eclipse.ui.workbench,3.7.1.v20120104-1859,"",1362726893713
executed,command,,,"AUTOGEN:::org.eclipse.jdt.debug.CompilationUnitEditor.BreakpointRulerActions/org.eclipse.jdt.debug.ui.actions.ManageBreakpointRulerAction",1362726903743
activated,view,org.eclipse.debug.ui,3.7.102.v20111129-1423_r372,"org.eclipse.debug.ui.DebugView",1362726908009
executed,command,org.eclipse.debug.ui,3.7.102.v20111129-1423_r372,"org.eclipse.debug.ui.commands.Resume",1362726908108
executed,command,org.eclipse.debug.ui,3.7.102.v20111129-1423_r372,"org.eclipse.debug.ui.commands.Resume",1362726909745
deactivated,workbench,org.eclipse.ui.workbench,3.7.1.v20120104-1859,"",1362726912779
activated,workbench,org.eclipse.ui.workbench,3.7.1.v20120104-1859,"",1362726914084
deactivated,workbench,org.eclipse.ui.workbench,3.7.1.v20120104-1859,"",1362726914371
closed,editor,org.eclipse.debug.ui,3.7.102.v20111129-1423_r372,"org.eclipse.debug.ui.sourcelookup.CommonSourceNotFoundEditor",1362726918002
activated,workbench,org.eclipse.ui.workbench,3.7.1.v20120104-1859,"",1362726927047
executed,command,org.eclipse.debug.ui,3.7.102.v20111129-1423_r372,"org.eclipse.debug.ui.commands.StepOver",1362726938310
opened,editor,org.eclipse.debug.ui,3.7.102.v20111129-1423_r372,"org.eclipse.debug.ui.sourcelookup.CommonSourceNotFoundEditor",1362726938998
executed,command,org.eclipse.debug.ui,3.7.102.v20111129-1423_r372,"org.eclipse.debug.ui.commands.StepReturn",1362726940811
activated,editor,org.eclipse.jdt.ui,3.7.2.v20120109-1427,"org.eclipse.jdt.ui.CompilationUnitEditor",1362726950221
activated,editor,org.eclipse.jdt.ui,3.7.2.v20120109-1427,"org.eclipse.jdt.ui.CompilationUnitEditor",1362726953704
closed,editor,com.android.ide.eclipse.adt,18.0.0.v201203301601-306762,"com.android.ide.eclipse.editors.CommonXmlEditor",1362726955152
deactivated,workbench,org.eclipse.ui.workbench,3.7.1.v20120104-1859,"",1362726963706
activated,workbench,org.eclipse.ui.workbench,3.7.1.v20120104-1859,"",1362726965725
executed,command,org.eclipse.jdt.debug.ui,3.6.1.v20111006_r372,"org.eclipse.jdt.debug.ui.commands.Inspect",1362726965735
executed,command,,,"AUTOGEN:::org.eclipse.jdt.debug.CompilationUnitEditor.BreakpointRulerActions/org.eclipse.jdt.debug.ui.actions.ManageBreakpointRulerAction",1362726977760
executed,command,,,"AUTOGEN:::org.eclipse.jdt.debug.CompilationUnitEditor.BreakpointRulerActions/org.eclipse.jdt.debug.ui.actions.ManageBreakpointRulerAction",1362726980702
executed,command,org.eclipse.ui,3.7.0.v20110928-1505,"org.eclipse.ui.file.save",1362726981243
deactivated,workbench,org.eclipse.ui.workbench,3.7.1.v20120104-1859,"",1362726982015
activated,workbench,org.eclipse.ui.workbench,3.7.1.v20120104-1859,"",1362726983989
closed,editor,org.eclipse.debug.ui,3.7.102.v20111129-1423_r372,"org.eclipse.debug.ui.sourcelookup.CommonSourceNotFoundEditor",1362726984010
